[{"pos_x": 96.407207, "pos_y": -265.692225, "rotation": 0.0, "side": "top", "designator": "G***", "mpn": null, "pack": "rs232-module-1-logo", "value": "LOGO", "mount_type": "tht", "place": false}, {"pos_x": 102.87, "pos_y": -63.21, "rotation": 0.0, "side": "top", "designator": "R4", "mpn": null, "pack": "R_Axial_DIN0204_L3.6mm_D1.6mm_P7.62mm_Horizontal", "value": "1.1 kOhm  1W", "mount_type": "tht", "place": true}, {"pos_x": 102.882793, "pos_y": -78.157775, "rotation": 180.0, "side": "top", "designator": "E31", "mpn": null, "pack": "DIP-6_W10.16mm", "value": "4N33N", "mount_type": "tht", "place": true}, {"pos_x": 102.502793, "pos_y": -86.187775, "rotation": 90.0, "side": "top", "designator": "J1", "mpn": null, "pack": "PinHeader_1x03_P1.00mm_Vertical", "value": "Conn_01x03_Pin", "mount_type": "tht", "place": true}, {"pos_x": 102.9, "pos_y": -65.53, "rotation": 0.0, "side": "top", "designator": "R5", "mpn": null, "pack": "R_Axial_DIN0204_L3.6mm_D1.6mm_P7.62mm_Horizontal", "value": "820 Ohm  1W", "mount_type": "tht", "place": true}, {"pos_x": 120.882793, "pos_y": -46.617775, "rotation": 0.0, "side": "top", "designator": "TSC1", "mpn": null, "pack": "PinHeader_1x02_P1.00mm_Vertical", "value": "~", "mount_type": "tht", "place": true}, {"pos_x": 98.992793, "pos_y": -86.217775, "rotation": -90.0, "side": "top", "designator": "J2", "mpn": null, "pack": "PinHeader_1x04_P1.00mm_Vertical", "value": "Conn_01x04_Pin", "mount_type": "tht", "place": true}, {"pos_x": 96.2, "pos_y": -257.32, "rotation": 0.0, "side": "top", "designator": "G***", "mpn": null, "pack": "sphere-corp-board-logo", "value": "LOGO", "mount_type": "tht", "place": false}, {"pos_x": 120.762793, "pos_y": -86.227775, "rotation": 90.0, "side": "top", "designator": "J4", "mpn": null, "pack": "PinHeader_1x02_P1.00mm_Vertical", "value": "Conn_01x02_Pin", "mount_type": "tht", "place": true}, {"pos_x": 120.872793, "pos_y": -34.807775, "rotation": 0.0, "side": "top", "designator": "TSC3", "mpn": null, "pack": "PinHeader_1x02_P1.00mm_Vertical", "value": "~", "mount_type": "tht", "place": true}, {"pos_x": 121.77, "pos_y": -73.29, "rotation": 0.0, "side": "top", "designator": "G***", "mpn": null, "pack": "rs232-module-1-logo", "value": "LOGO", "mount_type": "tht", "place": false}, {"pos_x": 103.722793, "pos_y": -37.917775, "rotation": 0.0, "side": "top", "designator": "E52", "mpn": null, "pack": "DIP-14_W10.16mm", "value": "MC1489", "mount_type": "tht", "place": true}, {"pos_x": 88.622793, "pos_y": -37.877775, "rotation": 0.0, "side": "top", "designator": "E46", "mpn": null, "pack": "DIP-14_W10.16mm", "value": "MC1488N", "mount_type": "tht", "place": true}, {"pos_x": 79.702793, "pos_y": -81.627775, "rotation": 0.0, "side": "top", "designator": "D11", "mpn": null, "pack": "D_DO-41_SOD81_P10.16mm_Horizontal", "value": "1N4001", "mount_type": "tht", "place": true}, {"pos_x": 81.312793, "pos_y": -37.927775, "rotation": 0.0, "side": "top", "designator": "G***", "mpn": null, "pack": "rs232-module-1-logo", "value": "LOGO", "mount_type": "tht", "place": false}, {"pos_x": 109.402793, "pos_y": -86.267775, "rotation": 90.0, "side": "top", "designator": "J3", "mpn": null, "pack": "PinHeader_1x03_P1.00mm_Vertical", "value": "Conn_01x03_Pin", "mount_type": "tht", "place": true}, {"pos_x": 82.715293, "pos_y": -74.727775, "rotation": 90.0, "side": "top", "designator": "C12", "mpn": null, "pack": "CP_Axial_L10.0mm_D4.5mm_P15.00mm_Horizontal", "value": "CK-104", "mount_type": "tht", "place": true}, {"pos_x": 81.482793, "pos_y": -86.257775, "rotation": 90.0, "side": "top", "designator": "J5", "mpn": null, "pack": "PinHeader_1x04_P1.00mm_Vertical", "value": "Conn_01x04_Pin", "mount_type": "tht", "place": true}, {"pos_x": 97.882793, "pos_y": -66.157775, "rotation": 180.0, "side": "top", "designator": "E30", "mpn": null, "pack": "DIP-6_W10.16mm", "value": "4N33N", "mount_type": "tht", "place": true}, {"pos_x": 120.882793, "pos_y": -52.617775, "rotation": 0.0, "side": "top", "designator": "TSC4", "mpn": null, "pack": "PinHeader_1x02_P1.00mm_Vertical", "value": "~", "mount_type": "tht", "place": true}, {"pos_x": 120.882793, "pos_y": -40.707775, "rotation": 0.0, "side": "top", "designator": "TSC2", "mpn": null, "pack": "PinHeader_1x02_P1.00mm_Vertical", "value": "~", "mount_type": "tht", "place": true}, {"pos_x": 121.562793, "pos_y": -64.917775, "rotation": 0.0, "side": "top", "designator": "G***", "mpn": null, "pack": "sphere-corp-board-logo", "value": "LOGO", "mount_type": "tht", "place": false}, {"pos_x": 102.902793, "pos_y": -70.387775, "rotation": 0.0, "side": "top", "designator": "R16", "mpn": null, "pack": "R_Axial_DIN0204_L3.6mm_D1.6mm_P7.62mm_Horizontal", "value": "512 Ohm  \u00bcW", "mount_type": "tht", "place": true}, {"pos_x": 102.942793, "pos_y": -67.967775, "rotation": 0.0, "side": "top", "designator": "R9", "mpn": null, "pack": "R_Axial_DIN0204_L3.6mm_D1.6mm_P7.62mm_Horizontal", "value": "2 kOhm  \u00bcW", "mount_type": "tht", "place": true}, {"pos_x": 79.772793, "pos_y": -78.367775, "rotation": 0.0, "side": "top", "designator": "D10", "mpn": null, "pack": "D_DO-41_SOD81_P10.16mm_Horizontal", "value": "1N4001", "mount_type": "tht", "place": true}, {"pos_x": 253.06, "pos_y": -114.51, "rotation": 180.0, "side": "bottom", "designator": "G***", "mpn": null, "pack": "e40-placement", "value": "LOGO", "mount_type": "tht", "place": false}]